word1,word2,word3,word4,word5,word6,word7,word8,word9,word10,word11,word12,word13,word14,word15,word16,word17,word18,word19,word20,word21,word22,word23,word24,word25,word26,word27,word28,word29,word30,word31,word32,word33
a,because,Chinese,couldn't,he,I,isn't,mother,my,shocking:,shouted,tongue,understand,was,What,wordperhaps,你这肮脏的掠夺者!,停在那儿
I,just,Mr,standing,there,was,watching
around,furious,he,marching,was,Young
about,anger,at,did,directing,he,his,I,know,Little,me,that,was,Why
and,and,Baltic,banking,capital,in,international,investment,is,leading,Markets,markets,Nordea,Nordic,operator,partner,regions,Sea,the,the
are,connecting,door,global,located,markets,next,the,to,to,We,you,you
a,and,combine,complete,expertise,financial,global,local,of,portfolio,provide,services,solutions,strength,to,We,with,with,you
and,currencies,diversified,have,in,in,liquidity,local,most,Nordics,of,offer,one,outstanding,product,ranges,strongest,the,the,We
access,all,an,best,But,capital,dedicated,experts,facets,in,in,manner,markets,more,of,of,offer,possible,serving,significantly,team,the,to,to,unequalled,we,you,you
a,a,and,and,At,combination,customer,expertise,financial,for,gives,global,have,local,Markets,Nordea,of,of,opportunity,our,rare,services,solutions,strength,the,to,us,use,variety,we,which,wide,you
a,a,all,and,and,as,as,can,currencies,diversified,excellent,fact,finding,give,hard,have,In,in,in,liquidity,local,Nordics,of,ours,product,range,strong,the,time,too,we,you,you’d
a,be,But,challenge,financial,have,huge,importantly,matter,might,most,no,of,outstanding,ready,serve,specialists,team,to,we,what,you,your
